{
  "Total" : {
    "transaction" : "Total",
    "sampleCount" : 1000,
    "errorCount" : 359,
    "errorPct" : 35.9,
    "meanResTime" : 1736.9819999999993,
    "medianResTime" : 2101.0,
    "minResTime" : 21.0,
    "maxResTime" : 3298.0,
    "pct1ResTime" : 3022.6,
    "pct2ResTime" : 3129.95,
    "pct3ResTime" : 3234.9700000000003,
    "throughput" : 300.8423586040915,
    "receivedKBytesPerSec" : 323.7566161815584,
    "sentKBytesPerSec" : 54.612876993080626
  },
  "HTTP Request" : {
    "transaction" : "HTTP Request",
    "sampleCount" : 1000,
    "errorCount" : 359,
    "errorPct" : 35.9,
    "meanResTime" : 1736.9819999999993,
    "medianResTime" : 2101.0,
    "minResTime" : 21.0,
    "maxResTime" : 3298.0,
    "pct1ResTime" : 3022.6,
    "pct2ResTime" : 3129.95,
    "pct3ResTime" : 3234.9700000000003,
    "throughput" : 300.8423586040915,
    "receivedKBytesPerSec" : 323.7566161815584,
    "sentKBytesPerSec" : 54.612876993080626
  }
}