{
  "Total" : {
    "transaction" : "Total",
    "sampleCount" : 1000,
    "errorCount" : 344,
    "errorPct" : 34.4,
    "meanResTime" : 2740.636,
    "medianResTime" : 2411.0,
    "minResTime" : 286.0,
    "maxResTime" : 5268.0,
    "pct1ResTime" : 4693.5,
    "pct2ResTime" : 4959.95,
    "pct3ResTime" : 5190.98,
    "throughput" : 188.35938971557732,
    "receivedKBytesPerSec" : 166.48836292145413,
    "sentKBytesPerSec" : 34.9936428705971
  },
  "HTTP Request" : {
    "transaction" : "HTTP Request",
    "sampleCount" : 1000,
    "errorCount" : 344,
    "errorPct" : 34.4,
    "meanResTime" : 2740.636,
    "medianResTime" : 2411.0,
    "minResTime" : 286.0,
    "maxResTime" : 5268.0,
    "pct1ResTime" : 4693.5,
    "pct2ResTime" : 4959.95,
    "pct3ResTime" : 5190.98,
    "throughput" : 188.35938971557732,
    "receivedKBytesPerSec" : 166.48836292145413,
    "sentKBytesPerSec" : 34.9936428705971
  }
}